age,experience,salary,training_hours,projects,attendance,department,performance
50,8,52005,68,7,84,HR,Medium
36,6,84575,75,6,99,IT,High
29,5,110742,8,6,95,HR,Medium
42,15,48971,69,3,79,Finance,Medium
40,15,55599,19,8,98,Finance,High
44,2,117592,80,7,91,IT,Medium
32,1,96914,26,7,85,Finance,Medium
32,11,148062,90,6,73,Sales,Medium
45,10,97055,51,5,89,Finance,Medium
45,18,117697,85,10,82,Finance,High
24,18,136239,97,8,91,Finance,High
43,17,134397,50,5,74,HR,Medium
23,8,35355,18,9,91,HR,Medium
45,15,84120,54,9,76,IT,High
51,8,104619,24,1,92,IT,Medium
23,17,68342,54,6,78,IT,Medium
42,12,115992,37,7,77,Finance,Medium
54,8,108860,63,3,98,HR,Medium
33,14,32257,47,7,85,Sales,Medium
43,4,57364,83,7,75,Finance,Medium
46,1,54972,16,2,97,Finance,Medium
48,1,141715,44,7,85,Finance,Medium
49,19,56654,24,1,75,Sales,Medium
37,16,110769,98,5,100,IT,High
36,14,111423,42,9,83,Sales,High
24,16,59320,7,7,90,IT,Medium
28,5,50808,32,7,70,Sales,Medium
42,9,82389,60,2,94,HR,Medium
30,2,125690,94,8,78,Finance,Medium
39,18,148581,98,3,94,Finance,High
25,6,64773,17,8,100,Finance,Medium
46,9,81168,81,3,96,IT,High
35,1,57747,70,10,93,Sales,High
30,9,106396,41,7,82,HR,Medium
47,16,138374,53,2,95,Sales,High
23,13,137692,70,4,98,Finance,High
41,9,113692,40,6,88,HR,Medium
49,13,87505,58,9,86,HR,High
28,9,115896,30,5,80,Finance,Medium
29,11,48135,79,9,97,Sales,High
35,4,120887,76,5,97,Finance,High
38,2,126035,44,10,77,Sales,Medium
25,6,77377,47,8,92,HR,Medium
23,14,53554,26,1,98,HR,Medium
27,4,92491,24,7,74,Finance,Medium
25,6,85621,12,4,79,HR,Medium
50,19,144667,33,5,76,IT,Medium
39,6,88283,44,6,79,HR,Medium
47,2,115140,94,5,73,IT,Medium
55,18,46923,34,1,78,HR,Medium
31,13,77591,85,9,96,Finance,High
35,9,92261,88,2,95,Finance,High
52,19,146149,59,9,83,IT,High
36,13,84336,20,10,71,Finance,Medium
29,11,104083,50,2,94,HR,Medium
35,1,90948,66,9,78,HR,Medium
44,7,139819,11,6,90,Finance,Medium
42,15,63002,84,9,96,HR,High
37,1,110098,49,6,70,Sales,Medium
39,12,146236,63,6,92,Sales,High
45,7,103016,60,2,79,HR,Medium
47,15,56672,52,8,79,Finance,Medium
46,19,34213,31,3,89,IT,Medium
50,1,40293,57,7,94,Finance,Medium
36,17,129977,91,5,91,IT,High
22,17,85860,92,3,98,Finance,High
46,3,92507,77,1,72,HR,Medium
28,12,87134,39,8,75,Sales,Medium
30,6,32100,55,3,98,Finance,Medium
45,11,140153,88,2,95,IT,High
22,3,91997,41,1,75,Sales,Low
29,8,58172,85,4,90,IT,High
45,14,50132,99,8,71,HR,High
32,14,147861,61,3,95,Sales,High
38,10,48199,12,1,95,IT,Medium
29,2,66609,83,4,87,Finance,Medium
54,14,72965,99,9,92,HR,High
26,9,38016,98,1,71,HR,Medium
49,3,69779,24,2,81,HR,Low
28,8,132797,57,9,91,Finance,High
30,16,61881,16,2,74,Finance,Medium
29,2,112594,53,3,89,Sales,Medium
33,6,54472,21,7,76,Finance,Medium
55,12,136882,68,3,93,Sales,High
54,5,130462,46,9,85,HR,Medium
44,2,81813,98,6,89,Sales,High
45,16,130368,33,3,70,IT,Medium
43,5,66021,23,9,70,HR,Medium
48,15,84131,15,1,86,HR,Medium
22,12,54087,54,10,96,Sales,High
35,4,42828,75,3,70,HR,Medium
24,15,91610,62,1,90,Finance,Medium
22,11,126664,38,2,89,IT,Medium
26,16,31401,24,8,82,Sales,Medium
47,6,115179,54,7,99,Sales,High
35,14,45193,92,2,78,HR,Medium
48,18,122389,14,2,84,Finance,Medium
30,12,74864,36,9,72,HR,Medium
36,11,50307,56,6,83,HR,Medium
36,13,132518,19,5,92,Sales,Medium
47,11,49611,88,10,80,HR,High
34,16,73791,7,6,93,IT,Medium
53,15,41950,41,9,91,HR,High
53,15,106240,44,7,81,HR,Medium
25,4,138647,76,10,82,Sales,Medium
51,11,107403,44,10,95,HR,High
44,19,32745,60,9,82,Finance,High
36,15,85243,27,4,70,Sales,Medium
50,4,33866,15,2,93,HR,Medium
34,13,62245,68,8,100,IT,High
53,19,74724,12,4,79,IT,Medium
28,2,101354,97,9,72,Sales,Medium
43,14,81374,98,4,93,Sales,High
49,4,144397,60,8,97,HR,High
23,16,147480,64,9,73,Finance,High
27,20,60116,14,9,85,HR,High
49,14,111029,43,10,77,IT,Medium
49,15,123574,32,4,85,Finance,Medium
41,3,50447,53,1,96,Finance,Medium
51,8,60431,40,3,86,Finance,Medium
32,16,47908,17,9,88,HR,Medium
49,10,59336,100,4,91,IT,High
46,4,70992,40,5,84,Sales,Medium
54,18,85350,30,7,85,HR,High
22,2,99561,90,5,84,Sales,Medium
48,17,147254,8,4,94,Finance,Medium
34,13,81955,99,2,71,Finance,Medium
24,4,91240,86,2,80,HR,Medium
27,11,50093,68,4,70,IT,Medium
29,7,36155,42,10,84,Finance,Medium
48,12,76607,92,10,95,Sales,High
30,10,63487,91,9,88,Sales,High
54,7,143194,26,8,73,HR,Medium
45,13,85668,6,3,80,Sales,Medium
36,7,50963,35,9,74,IT,Medium
53,17,80124,15,5,72,Finance,Medium
53,10,82870,96,3,82,Sales,Medium
45,10,86547,50,5,79,Sales,Medium
33,4,94110,100,10,80,Finance,High
23,20,83554,66,4,87,HR,High
24,4,50936,73,8,71,Sales,Medium
38,7,146895,68,5,76,HR,Medium
23,1,34426,14,10,78,HR,Medium
23,12,118839,44,8,79,Sales,Medium
49,13,140816,28,9,87,IT,Medium
44,10,57606,48,4,92,HR,Medium
53,15,77832,64,7,76,Sales,Medium
54,13,58151,66,2,96,HR,High
22,9,109303,91,6,76,Finance,Medium
40,9,41308,21,8,72,IT,Medium
23,15,139781,69,7,81,IT,High
47,10,92522,99,7,76,Finance,High
53,10,75671,99,8,86,Finance,High
27,8,120306,61,7,95,HR,High
53,16,124108,59,5,70,Finance,Medium
25,17,136984,57,7,74,IT,Medium
32,5,32204,60,10,85,Finance,Medium
38,4,122769,13,3,84,Sales,Medium
45,18,117265,26,5,71,Sales,Medium
26,19,61131,17,7,78,HR,Medium
55,4,82428,93,9,100,IT,High
27,7,63870,52,2,76,Sales,Medium
43,10,133547,22,4,73,Finance,Medium
32,18,134918,80,7,89,Sales,High
37,19,79067,44,1,87,Sales,Medium
54,4,88585,21,2,90,HR,Medium
30,10,137011,19,9,73,Finance,Medium
27,1,142217,19,10,97,Finance,Medium
37,18,51607,83,7,82,Finance,High
50,5,54968,67,10,70,HR,Medium
24,15,128934,43,7,97,Finance,High
41,17,41908,17,6,93,Finance,Medium
40,3,56423,85,3,72,Sales,Medium
47,12,139151,36,10,85,Sales,High
24,2,104707,13,3,99,Finance,Medium
40,1,108257,44,2,91,IT,Medium
41,17,91215,24,6,73,IT,Medium
53,16,85835,94,4,94,Finance,High
28,5,79429,95,5,92,IT,High
54,15,112152,89,3,94,HR,High
39,3,138048,86,6,85,Sales,Medium
22,7,68458,81,3,95,HR,High
32,11,76169,84,8,88,Sales,High
49,10,37659,77,9,70,IT,Medium
46,9,90614,67,4,74,IT,Medium
44,14,138905,80,9,88,Finance,High
52,13,107240,48,7,91,IT,High
51,2,62793,42,3,93,IT,Medium
28,3,143688,87,7,80,Finance,Medium
37,7,76473,64,1,82,Finance,Medium
47,18,126762,75,3,89,Sales,High
23,3,119388,52,6,74,IT,Medium
22,10,127618,22,4,90,Sales,Medium
33,7,118330,20,7,73,Sales,Medium
26,9,136956,59,3,73,HR,Medium
53,17,148452,43,1,73,IT,Medium
30,11,85751,72,9,73,IT,Medium
40,7,108915,63,6,89,HR,Medium
37,14,84254,93,8,90,Sales,High
24,19,37006,100,3,87,IT,High
41,4,148171,66,8,87,Sales,Medium
45,6,146682,17,2,85,HR,Medium
54,10,104218,85,4,78,Finance,Medium
45,7,95344,10,3,87,Sales,Medium
32,13,63840,87,10,91,IT,High
29,14,62430,81,1,71,Finance,Medium
41,4,53091,64,7,90,Sales,Medium
46,8,62983,94,10,73,Sales,High
46,5,53989,18,2,81,Finance,Low
50,1,105451,99,4,76,Finance,Medium
39,4,138088,58,9,84,Finance,Medium
39,3,48990,8,6,76,IT,Low
23,9,120270,43,8,98,IT,High
37,8,110360,76,2,91,Sales,Medium
54,1,149469,29,7,95,Sales,Medium
25,6,66081,81,6,90,HR,High
54,9,41033,36,9,86,IT,Medium
35,7,138272,63,7,85,Sales,Medium
42,4,46241,67,1,97,Finance,Medium
41,13,35939,42,8,100,Finance,High
29,17,143000,96,10,88,IT,High
28,2,77562,57,3,78,Finance,Medium
24,5,65063,98,2,100,HR,High
38,12,130000,71,3,83,Sales,Medium
54,8,106721,32,6,86,Sales,Medium
33,6,57045,7,3,74,Sales,Low
43,8,146634,84,10,71,IT,Medium
43,18,74769,26,5,89,Finance,Medium
51,3,77118,100,6,85,HR,Medium
29,12,114703,42,8,83,IT,Medium
48,3,131948,76,7,83,Sales,Medium
48,6,51625,76,8,96,HR,High
55,2,134724,66,3,70,Sales,Medium
42,12,57076,61,4,72,Sales,Medium
51,2,94805,10,6,95,IT,Medium
54,6,74605,82,7,76,Sales,Medium
49,17,114565,36,9,95,HR,High
54,3,118509,14,1,84,Sales,Low
26,2,69121,7,8,88,Finance,Medium
40,20,95101,63,8,89,Sales,High
25,8,61433,80,6,71,IT,Medium
38,12,73309,53,4,88,HR,Medium
49,4,97468,63,3,78,IT,Medium
51,5,74254,35,3,88,Finance,Medium
50,13,97293,97,6,96,Sales,High
27,15,126258,73,8,74,IT,High
45,16,67853,66,7,87,IT,High
50,10,68405,56,1,85,IT,Medium
52,16,96652,93,6,73,IT,High
54,12,73527,45,7,81,Finance,Medium
42,17,107227,35,7,98,Finance,High
53,16,30492,89,9,76,Sales,High
44,12,123418,88,10,83,Sales,High
54,8,38811,26,5,92,HR,Medium
24,20,123344,8,1,81,Finance,Medium
39,3,54272,17,2,72,IT,Low
46,16,123935,49,4,74,IT,Medium
52,13,102010,46,5,86,HR,Medium
24,19,122492,53,9,95,IT,High
45,8,77153,24,1,79,HR,Medium
53,5,138042,81,3,79,Sales,Medium
43,20,84110,85,5,80,Finance,High
44,8,43979,58,3,86,HR,Medium
23,12,140059,40,4,74,IT,Medium
48,1,138101,5,3,82,HR,Low
23,20,58328,19,4,79,Sales,Medium
47,6,142911,81,1,78,IT,Medium
38,18,42867,21,8,86,Sales,Medium
54,8,89234,28,4,70,Sales,Medium
30,7,55851,62,7,73,HR,Medium
50,1,61279,76,2,73,Sales,Medium
47,16,147431,95,2,87,IT,High
46,12,126063,27,6,78,Sales,Medium
45,6,103402,50,2,99,Sales,Medium
34,20,45449,76,6,94,HR,High
28,2,106221,12,2,98,Sales,Medium
41,14,119080,63,4,98,Finance,High
22,4,35451,94,7,87,HR,High
29,1,117178,63,8,83,HR,Medium
37,18,71316,17,3,94,IT,Medium
35,13,93064,43,9,84,IT,High
33,2,93761,32,2,75,IT,Low
44,9,135490,93,8,93,IT,High
36,2,68870,65,8,79,Finance,Medium
49,9,126566,20,4,98,HR,Medium
55,1,60873,6,1,84,Sales,Low
23,11,88627,86,1,98,IT,High
53,3,96155,21,2,73,IT,Low
44,20,129186,34,9,87,IT,High
43,4,55372,17,2,87,Sales,Medium
46,18,33642,100,2,94,IT,High
43,6,58001,97,6,86,Sales,High
43,3,64064,98,7,81,HR,Medium
27,11,124826,86,7,76,HR,High
36,15,44122,17,9,85,HR,Medium
54,5,54820,47,6,80,Finance,Medium
29,20,98431,89,8,83,Sales,High
26,10,85745,98,6,72,IT,Medium
25,12,80081,25,2,88,IT,Medium
27,15,100902,59,1,87,IT,Medium
53,17,38711,85,5,99,IT,High
51,10,115132,44,9,79,Finance,Medium
37,6,48793,87,8,75,IT,Medium
34,18,38199,19,4,82,Finance,Medium
51,13,106253,77,5,79,Sales,Medium
40,3,66191,56,5,87,HR,Medium
38,10,40211,78,6,95,IT,High
40,14,141086,99,3,100,HR,High
49,6,93069,57,5,89,Sales,Medium
47,3,118896,91,2,95,Sales,Medium
47,16,86746,56,10,85,IT,High
44,7,51542,34,1,94,Sales,Medium
30,20,61312,37,1,94,HR,Medium
33,14,75242,61,10,75,IT,High
22,9,131971,56,7,82,Finance,Medium
22,15,123783,13,2,73,IT,Medium
55,3,117893,58,4,92,HR,Medium
53,2,85388,5,5,83,IT,Low
46,2,136581,48,7,70,IT,Medium
22,3,57691,79,2,97,HR,Medium
37,18,107960,84,6,89,IT,High
26,14,114388,13,1,74,IT,Medium
43,20,52601,36,7,77,HR,Medium
50,18,148307,19,9,81,Sales,Medium
24,10,48020,16,5,71,HR,Medium
33,2,38155,82,5,81,IT,Medium
47,1,99119,61,4,74,Finance,Medium
37,4,111051,12,3,91,Finance,Medium
43,14,66777,76,9,74,HR,High
50,1,49710,31,5,100,Finance,Medium
35,14,138714,66,8,82,IT,High
49,16,54532,16,9,78,IT,Medium
26,14,48601,69,5,79,HR,Medium
51,20,93227,46,10,70,IT,High
26,3,34967,66,9,99,Sales,High
33,3,114289,15,2,72,IT,Low
37,9,50022,47,9,99,HR,High
47,6,73463,99,4,87,Sales,High
47,13,104671,21,6,81,Sales,Medium
42,2,35722,36,6,98,Finance,Medium
54,8,57413,97,6,72,IT,Medium
51,2,122772,89,2,95,HR,Medium
44,4,111050,89,7,94,Finance,High
31,15,139432,44,6,98,Finance,High
26,4,132748,27,1,99,IT,Medium
55,13,135922,60,2,78,IT,Medium
52,12,115867,10,7,95,HR,Medium
31,13,113596,90,1,71,Finance,Medium
40,14,96732,54,1,99,HR,High
53,20,42297,41,1,72,Finance,Medium
22,18,98323,68,8,83,Finance,High
26,6,53816,58,4,73,Finance,Medium
25,11,70695,76,4,94,IT,High
37,2,49702,53,2,88,Finance,Medium
45,19,55242,15,1,82,Finance,Medium
37,19,85841,92,10,76,Finance,High
23,5,97712,53,9,81,Sales,Medium
49,19,115663,25,7,72,IT,Medium
53,2,137096,70,4,92,Sales,Medium
48,10,122764,67,6,92,IT,High
41,2,83574,87,2,78,HR,Medium
45,11,115744,32,7,71,Sales,Medium
33,18,58482,21,2,98,HR,Medium
54,15,39171,10,10,91,Finance,High
54,9,130755,23,8,78,HR,Medium
33,19,128932,60,8,81,HR,High
24,9,138125,32,1,100,HR,Medium
22,3,136082,70,8,81,HR,Medium
54,9,33696,42,2,84,IT,Medium
31,14,50058,41,6,71,Sales,Medium
50,19,50313,72,1,87,IT,High
34,7,49149,90,5,82,IT,Medium
33,16,83521,94,7,83,IT,High
52,16,75740,53,10,74,HR,High
23,1,136611,47,1,95,IT,Medium
44,4,34956,40,2,79,Sales,Medium
38,4,105731,62,7,81,IT,Medium
47,7,112612,17,6,79,Finance,Medium
29,8,147850,56,3,93,HR,Medium
50,17,96641,62,10,80,Finance,High
47,5,93811,36,2,100,Sales,Medium
31,7,82160,85,10,94,Sales,High
47,20,81313,64,4,71,Sales,Medium
55,20,93232,87,3,74,Sales,High
28,4,45417,62,7,99,IT,High
25,6,54729,60,8,76,HR,Medium
32,7,142492,32,2,100,Sales,Medium
50,18,60099,5,10,75,Finance,Medium
46,5,148387,46,7,91,Sales,Medium
42,20,128134,86,8,92,HR,High
31,3,59961,52,6,72,Finance,Medium
30,7,42602,44,6,82,Finance,Medium
45,14,148474,67,10,72,Finance,High
39,7,39256,80,1,95,IT,Medium
53,5,116120,76,4,94,Sales,Medium
45,5,142516,92,1,99,IT,High
44,2,64681,84,4,93,Finance,Medium
53,6,121328,8,2,90,IT,Medium
33,15,117440,42,5,75,IT,Medium
34,10,94789,31,10,80,IT,Medium
44,7,73361,13,9,97,Sales,Medium
46,5,94503,20,10,95,Finance,Medium
51,1,64540,60,3,86,Finance,Medium
38,13,56536,80,8,79,Sales,High
41,18,114700,35,3,81,IT,Medium
46,13,93043,92,6,86,IT,High
43,18,108532,18,4,73,HR,Medium
34,5,86575,29,8,71,HR,Medium
40,13,32871,38,6,80,HR,Medium
33,4,76002,71,8,76,Sales,Medium
40,17,79812,28,1,71,Finance,Medium
33,3,52626,77,6,95,HR,Medium
30,17,89979,30,1,87,Finance,Medium
28,11,106057,24,1,90,Finance,Medium
49,20,138946,68,8,73,Finance,High
35,4,96668,14,7,77,Sales,Medium
52,2,129003,87,3,89,Sales,Medium
40,20,110070,71,6,83,Sales,High
37,16,119390,28,9,81,Sales,Medium
26,18,72998,9,7,91,HR,Medium
33,8,93814,71,3,90,IT,Medium
46,3,134601,62,6,96,IT,Medium
42,9,75607,31,4,99,IT,Medium
44,20,37812,84,3,87,HR,High
37,6,91844,19,9,80,IT,Medium
35,10,100093,39,10,100,HR,High
52,10,32179,80,2,98,HR,High
26,13,73798,57,1,97,HR,Medium
44,17,104601,48,2,99,IT,High
50,9,38275,30,7,77,Finance,Medium
32,17,80574,51,10,71,IT,High
39,9,77857,38,1,94,IT,Medium
33,9,131484,91,6,84,Sales,High
30,1,50700,99,7,78,HR,Medium
31,2,69464,54,9,88,Finance,Medium
38,16,72351,88,8,89,Sales,High
28,1,123330,16,6,77,Finance,Low
34,10,124319,91,3,94,Finance,High
30,18,112534,8,8,88,HR,Medium
48,8,43869,91,7,74,IT,Medium
23,11,90315,52,3,80,HR,Medium
26,2,140061,59,9,84,HR,Medium
50,8,123688,5,2,77,Sales,Low
40,8,50954,93,3,88,HR,Medium
29,17,61555,70,2,92,IT,High
22,15,93353,34,1,96,Finance,Medium
43,17,112190,7,4,77,HR,Medium
38,13,75026,25,5,95,Finance,Medium
28,19,130772,93,6,96,HR,High
46,5,76976,88,5,99,Finance,High
25,12,110578,53,1,88,HR,Medium
27,1,121502,90,3,87,Sales,Medium
52,5,143943,89,1,79,Finance,Medium
40,8,139850,66,5,98,HR,High
48,13,75095,42,5,76,HR,Medium
31,8,44270,19,6,97,Sales,Medium
47,11,60908,56,8,78,Sales,Medium
40,1,45523,83,10,70,Sales,Medium
24,13,92433,50,1,88,Finance,Medium
34,19,77068,29,4,74,Finance,Medium
49,3,49991,25,10,88,Sales,Medium
41,17,40775,92,1,70,IT,Medium
49,5,107801,9,9,84,IT,Medium
29,20,114995,74,7,85,HR,High
22,8,91250,51,7,92,IT,Medium
24,14,46673,91,5,76,HR,High
34,4,57056,72,7,95,Finance,High
49,11,36614,95,2,81,Finance,Medium
46,20,131556,22,4,77,IT,Medium
54,15,37415,25,7,74,Finance,Medium
27,19,118691,96,3,79,Sales,High
53,7,144966,90,2,97,Sales,High
42,19,73884,27,10,90,IT,High
37,19,46964,68,2,74,IT,Medium
42,11,67726,71,1,86,HR,Medium
32,5,67044,44,5,95,Finance,Medium
40,5,87149,14,6,74,HR,Medium
41,8,67544,93,6,91,HR,High
39,10,79976,56,9,84,Sales,High
35,6,62252,76,4,82,Sales,Medium
36,15,33832,79,1,97,Sales,High
52,16,120811,65,6,70,Sales,Medium
22,17,110437,68,5,80,HR,High
24,8,133749,9,10,92,Sales,Medium
37,8,64148,57,6,70,Finance,Medium
44,9,91240,59,3,80,Sales,Medium
32,2,138169,41,2,87,Sales,Medium
33,15,118454,60,6,87,Sales,High
31,18,142230,63,1,90,IT,High
53,3,115076,97,7,99,Finance,High
37,17,107116,73,7,95,Finance,High
29,4,83459,77,10,85,HR,High
33,4,68402,63,7,82,HR,Medium
45,14,87727,6,10,76,Sales,Medium
49,9,68578,69,1,70,IT,Medium
29,9,120453,64,4,95,HR,High
49,18,52318,55,7,85,HR,High
47,10,105715,34,9,70,Sales,Medium
29,4,107787,15,5,86,Sales,Medium
49,12,141435,96,2,75,HR,Medium
49,8,115029,80,7,71,HR,Medium
48,2,50466,43,10,86,Finance,Medium
38,13,125742,94,1,75,IT,Medium
30,16,75475,81,7,83,Finance,High
54,2,90142,76,6,87,HR,Medium
41,11,115160,67,7,75,Finance,Medium
34,10,56564,68,10,79,Finance,High
49,15,52412,65,3,93,HR,High
50,17,123526,58,3,87,Sales,High
34,8,81001,96,7,96,HR,High
27,18,87649,98,2,78,Sales,High
39,9,90957,77,1,77,HR,Medium
26,8,65517,99,9,97,HR,High
46,14,43156,62,9,79,HR,High
23,18,53064,89,7,86,IT,High
31,20,55711,60,7,92,Sales,High
51,20,60106,38,3,99,IT,High
26,12,95458,35,10,98,HR,High
54,19,46589,56,2,95,Finance,High
22,14,119272,93,7,75,IT,High
39,17,116511,80,9,83,Sales,High
53,3,131754,5,1,91,HR,Low
32,7,37214,59,4,91,IT,Medium
42,17,126117,26,6,75,Finance,Medium
47,12,115731,44,7,95,IT,High
46,9,140118,5,10,76,Sales,Medium
43,15,57127,69,7,81,IT,High
48,18,35141,67,10,72,Finance,High
34,13,58884,58,2,83,Finance,Medium
54,8,120421,46,4,91,Sales,Medium
55,14,32708,25,5,88,Finance,Medium
22,8,48375,83,1,92,HR,Medium
42,14,45088,85,1,85,Finance,Medium
27,7,87615,26,10,76,HR,Medium
49,12,140138,42,3,77,IT,Medium
38,11,75046,84,10,87,HR,High
26,11,40014,12,3,94,HR,Medium
52,13,94425,66,8,82,IT,High
26,18,33273,51,9,90,Finance,High
24,2,77135,21,1,78,HR,Low
44,15,132842,21,2,79,Finance,Medium
31,20,60881,94,10,90,IT,High
31,18,127022,17,2,92,Sales,Medium
40,15,108077,21,4,96,Finance,Medium
38,19,38712,42,2,78,Finance,Medium
42,12,104704,85,7,84,Sales,High
35,13,82874,82,9,89,Sales,High
30,11,99087,49,7,71,IT,Medium
22,5,42297,10,6,94,Finance,Medium
34,1,139269,39,10,82,Finance,Medium
25,3,57128,18,1,71,IT,Low
22,19,98368,76,10,88,Finance,High
53,7,124019,65,9,95,HR,High
55,12,117599,19,5,71,HR,Medium
49,15,118499,58,5,72,HR,Medium
52,5,108958,31,6,75,Finance,Medium
29,15,62920,17,9,72,HR,Medium
47,8,41156,35,8,100,HR,High
55,10,41108,39,8,79,IT,Medium
24,16,61845,64,8,93,IT,High
33,8,32800,10,1,96,Sales,Medium
22,1,133614,73,1,75,Sales,Medium
26,12,72712,90,8,92,Sales,High
51,5,32610,62,5,85,Sales,Medium
51,3,107603,53,9,86,IT,Medium
38,1,63872,27,2,88,IT,Medium
44,4,40728,93,9,72,IT,Medium
36,8,125102,38,8,87,HR,Medium
42,3,125319,30,9,76,HR,Medium
35,10,50583,51,4,78,Sales,Medium
23,2,115774,9,1,89,HR,Low
32,11,37263,94,1,81,Finance,Medium
55,10,97450,24,5,74,IT,Medium
55,14,119285,10,2,72,Sales,Medium
39,7,49456,74,8,80,Sales,Medium
51,2,121118,63,10,94,Finance,High
36,9,95942,68,5,99,HR,High
48,16,43689,22,5,73,Sales,Medium
55,13,62934,8,2,74,HR,Medium
54,9,63276,21,7,70,HR,Medium
45,20,146349,18,8,96,Finance,High
36,4,131968,82,10,97,Sales,High
51,10,49873,17,1,100,HR,Medium
38,12,43050,11,2,98,HR,Medium
26,17,96216,48,10,87,Finance,High
50,14,114444,19,4,81,Finance,Medium
25,14,114040,23,5,82,HR,Medium
31,2,51644,67,2,78,Finance,Medium
38,20,92021,39,1,71,HR,Medium
31,11,67125,85,9,74,Sales,High
38,16,96899,39,1,82,IT,Medium
41,19,72291,23,4,85,Finance,Medium
45,6,65060,24,2,85,IT,Medium
26,19,31538,39,4,93,HR,High
55,5,66176,36,8,72,HR,Medium
27,4,71520,52,8,91,HR,Medium
23,15,55675,48,9,73,IT,Medium
34,4,48287,28,5,80,HR,Medium
32,20,30174,65,7,92,Finance,High
44,10,122268,21,3,95,Sales,Medium
37,3,64998,75,10,83,Sales,Medium
52,5,132591,54,4,98,Finance,Medium
32,6,83312,69,10,72,Sales,Medium
37,8,42112,36,9,85,IT,Medium
29,7,135410,40,10,91,HR,High
25,10,105225,17,10,84,HR,Medium
25,6,74814,74,1,97,HR,Medium
46,14,115091,62,2,100,IT,High
24,4,80719,18,5,79,IT,Medium
53,13,63919,41,3,78,IT,Medium
24,20,103155,83,2,80,Finance,High
48,17,101569,72,1,85,IT,Medium
50,7,71328,44,10,79,Sales,Medium
53,4,100482,63,3,86,Finance,Medium
40,14,54618,84,1,88,Finance,High
42,3,64675,96,1,71,Finance,Medium
26,5,131794,20,1,93,IT,Medium
39,16,48919,66,8,92,Finance,High
49,20,34173,8,3,71,IT,Medium
43,4,139369,49,1,75,IT,Medium
42,2,56400,94,7,100,Finance,High
27,18,80445,32,10,88,HR,High
22,19,100305,100,3,77,HR,High
26,19,67564,70,8,95,Finance,High
33,17,75814,35,4,98,HR,High
47,14,109747,7,4,72,Sales,Medium
55,19,118791,12,5,95,Sales,High
35,13,57962,28,6,83,IT,Medium
47,12,114892,19,7,94,HR,Medium
48,6,115842,47,4,85,Sales,Medium
30,4,100533,35,8,70,Finance,Medium
47,19,86184,77,6,90,HR,High
43,16,112912,49,1,72,Sales,Medium
51,13,136416,70,1,91,Sales,Medium
38,4,133591,12,9,95,Finance,Medium
47,17,40578,75,10,87,IT,High
22,1,48624,61,6,78,Finance,Medium
29,18,146164,84,10,75,IT,High
36,20,69194,34,8,92,Sales,High
43,17,139903,78,7,90,IT,High
35,15,30389,22,6,94,Sales,Medium
47,11,129303,73,4,70,Sales,Medium
49,13,141116,97,7,90,HR,High
44,1,143903,43,9,96,IT,Medium
35,17,97391,64,10,79,IT,High
45,6,136429,47,10,96,IT,High
23,4,43794,49,7,75,Finance,Medium
47,20,88002,27,1,92,HR,Medium
35,16,65531,73,10,81,HR,High
28,15,82815,98,9,73,HR,High
24,15,34986,10,4,97,Finance,Medium
44,6,62298,60,3,82,IT,Medium
39,15,31481,8,4,86,IT,Medium
36,14,86408,97,4,100,IT,High
46,11,99267,27,10,96,HR,High
49,7,46835,10,2,77,HR,Low
31,9,57798,36,1,95,Sales,Medium
38,16,121649,22,10,89,Finance,High
43,5,94887,19,1,72,Finance,Low
47,20,49477,44,8,81,HR,High
46,10,47266,100,2,76,Sales,Medium
38,18,116328,77,10,81,IT,High
34,3,115988,78,5,71,HR,Medium
41,13,73526,88,4,93,Finance,High
46,11,147965,10,8,83,Finance,Medium
25,17,144615,67,2,91,Finance,High
31,13,136870,71,10,92,IT,High
24,6,41889,15,9,99,Finance,Medium
39,17,54335,47,7,74,IT,Medium
43,13,41254,21,7,78,IT,Medium
55,19,116610,100,1,90,IT,High
29,19,41442,8,2,80,HR,Medium
40,10,76289,67,4,74,IT,Medium
27,3,83747,72,4,72,Sales,Medium
47,14,67327,85,3,96,Finance,High
55,19,46199,45,7,86,HR,High
27,5,102827,87,8,71,Finance,Medium
54,5,136464,9,2,93,IT,Medium
43,20,30112,36,4,100,HR,High
42,17,117051,90,3,70,Sales,Medium
27,10,49581,74,2,76,IT,Medium
27,5,144228,39,6,99,Finance,Medium
25,4,89722,26,4,83,Sales,Medium
51,6,122036,69,6,74,IT,Medium
32,4,127562,88,2,88,Sales,Medium
51,7,46523,26,4,97,IT,Medium
52,7,96960,15,6,97,HR,Medium
45,18,147637,81,5,100,IT,High
30,3,49552,7,3,80,HR,Low
24,1,40808,13,8,92,IT,Medium
52,4,134347,64,7,94,IT,Medium
45,6,102525,80,3,71,Finance,Medium
52,9,53620,91,6,77,Sales,Medium
27,14,134565,18,4,78,Sales,Medium
23,12,30887,22,5,96,Sales,Medium
41,20,61802,77,5,72,IT,High
49,4,115024,27,7,71,IT,Medium
32,12,125549,78,5,76,IT,Medium
25,10,144737,87,3,74,HR,Medium
36,7,148639,51,10,90,HR,High
27,3,148248,73,5,95,Finance,Medium
51,14,111938,51,7,74,IT,Medium
23,10,116741,91,5,89,Sales,High
36,16,56049,34,5,82,Sales,Medium
32,16,107789,29,9,90,Finance,High
29,10,114526,32,3,98,Sales,Medium
47,13,37846,29,6,89,Finance,Medium
26,6,120563,78,1,100,IT,Medium
27,12,134736,82,10,98,Sales,High
47,9,76220,62,5,75,IT,Medium
25,13,76163,98,8,89,HR,High
40,4,33765,45,5,87,Sales,Medium
41,11,147126,29,9,94,HR,High
54,20,111486,82,6,71,Sales,High
41,18,75270,52,8,94,IT,High
33,11,105277,14,10,95,Finance,High
22,4,118278,79,8,75,IT,Medium
47,18,120239,15,3,78,IT,Medium
35,1,134245,89,7,94,IT,High
32,7,133159,25,7,72,Sales,Medium
34,6,52931,90,10,70,Finance,Medium
24,15,119116,49,6,70,HR,Medium
54,18,85633,11,7,88,IT,Medium
27,11,110702,85,2,74,Sales,Medium
31,20,81913,68,9,82,HR,High
26,15,149144,68,10,88,IT,High
44,16,124776,6,10,81,HR,Medium
31,7,55991,80,1,85,IT,Medium
23,10,84845,46,1,94,HR,Medium
34,12,134092,86,3,94,HR,High
23,14,128505,58,3,88,Finance,Medium
41,5,85312,79,1,72,Finance,Medium
22,18,40561,20,7,81,IT,Medium
30,5,46901,22,4,99,Sales,Medium
38,3,136041,63,10,74,Finance,Medium
30,5,125556,94,2,71,HR,Medium
32,17,92875,20,10,91,Finance,High
36,19,55917,10,5,76,Finance,Medium
45,19,92120,61,6,82,IT,High
51,12,31988,51,9,94,Finance,High
52,9,143745,52,4,84,Finance,Medium
26,1,140041,46,2,91,HR,Medium
35,18,44256,80,5,72,Finance,High
32,4,148490,64,3,97,HR,Medium
30,10,117728,81,2,90,Finance,Medium
55,7,58230,8,1,89,Finance,Medium
33,1,135466,6,10,100,Sales,Medium
22,17,89778,94,2,74,Finance,Medium
43,2,75833,63,6,93,HR,Medium
50,11,52625,31,8,77,HR,Medium
29,9,62088,31,3,91,IT,Medium
32,7,109650,83,9,70,IT,Medium
35,17,71167,76,9,77,Sales,High
51,17,133937,11,2,93,HR,Medium
42,2,101291,67,8,87,HR,Medium
26,6,95303,50,10,89,HR,Medium
40,14,106361,67,5,97,Sales,High
35,6,118229,16,4,85,HR,Medium
47,2,34117,17,10,87,IT,Medium
25,1,120265,47,5,89,Sales,Medium
46,10,127718,21,4,81,IT,Medium
46,5,90710,67,8,82,IT,Medium
39,2,124426,85,4,82,Sales,Medium
29,16,124876,40,10,79,Finance,High
35,2,97054,89,6,76,Finance,Medium
53,10,60949,12,2,94,IT,Medium
54,2,52547,73,5,83,Finance,Medium
44,16,111882,94,6,99,HR,High
36,16,98136,84,5,93,Sales,High
54,19,141541,40,2,85,IT,Medium
46,7,146883,32,7,84,HR,Medium
38,12,94619,97,4,81,Finance,High
54,15,91842,51,8,78,HR,Medium
23,8,124803,80,7,77,Finance,Medium
35,6,131858,34,7,87,IT,Medium
27,10,56990,27,9,92,HR,Medium
27,3,46193,20,1,87,Sales,Low
24,19,60109,18,10,82,IT,High
28,17,49233,78,6,97,HR,High
29,7,143557,75,6,96,HR,High
36,20,111730,56,6,87,Finance,High
50,4,64510,41,6,84,IT,Medium
54,14,31306,33,10,73,IT,Medium
51,20,33849,71,7,86,IT,High
48,15,42360,19,10,100,IT,High
50,8,141072,51,6,74,Finance,Medium
54,15,124767,50,1,91,Sales,Medium
48,20,75800,56,3,85,IT,High
54,14,66963,23,2,78,Finance,Medium
25,9,84330,81,6,79,Sales,Medium
43,8,81707,25,8,93,Sales,Medium
23,17,48689,68,3,87,Finance,High
31,2,59084,41,10,86,IT,Medium
26,3,70387,31,8,87,Sales,Medium
31,8,104816,59,8,76,IT,Medium
54,12,32642,33,5,73,IT,Medium
34,1,72137,24,8,95,HR,Medium
52,10,109832,29,6,74,IT,Medium
45,20,85561,74,5,97,HR,High
36,3,92260,67,9,92,Sales,High
50,6,45438,40,7,85,Finance,Medium
29,7,78442,6,8,72,HR,Medium
26,20,133061,26,1,95,Finance,Medium
50,18,32994,100,2,87,Sales,High
25,11,143530,20,8,98,IT,High
33,19,129575,22,9,92,Sales,High
23,5,31813,73,4,90,Finance,Medium
48,19,123027,58,10,83,Sales,High
52,11,114381,34,10,84,IT,Medium
47,12,148808,49,9,86,Sales,High
48,10,85276,23,4,70,IT,Medium
26,8,71243,91,10,94,HR,High
41,9,92912,38,10,90,Finance,High
32,4,90272,17,10,86,IT,Medium
31,5,132700,47,9,92,IT,Medium
27,8,72051,66,7,94,Sales,High
29,9,108854,97,2,80,HR,Medium
44,15,112736,26,9,86,IT,High
47,15,95618,56,4,95,HR,High
33,16,31920,56,8,83,HR,High
47,14,136121,40,7,98,Sales,High
34,8,107219,77,7,89,IT,High
39,18,106872,23,8,99,Sales,High
46,10,111132,42,1,88,Finance,Medium
54,20,32093,74,5,90,Finance,High
33,6,42905,83,2,76,IT,Medium
25,12,54351,61,2,93,HR,Medium
26,2,60981,24,1,82,IT,Low
29,7,103903,13,5,87,IT,Medium
49,16,100821,36,2,92,Finance,Medium
52,3,139200,8,4,99,Finance,Medium
30,13,133241,54,3,83,HR,Medium
50,3,112289,86,3,70,HR,Medium
35,18,146506,9,2,76,IT,Medium
43,11,114021,24,6,77,Sales,Medium
32,8,108513,91,2,87,IT,Medium
44,6,49874,79,8,78,HR,Medium
22,1,80931,41,8,70,Sales,Medium
42,1,37674,26,5,98,Finance,Medium
47,8,80516,62,10,91,HR,High
44,5,124574,72,7,86,HR,Medium
22,16,90686,97,4,88,Sales,High
36,11,124851,48,1,96,HR,Medium
42,5,99212,38,2,75,HR,Medium
30,4,32426,81,10,72,HR,Medium
30,6,120009,46,10,93,HR,High
31,14,98498,13,4,74,HR,Medium
47,19,59943,99,1,71,HR,Medium
46,9,96395,11,8,89,HR,Medium
47,12,74816,72,9,94,HR,High
32,11,34138,23,4,73,Finance,Medium
23,14,130728,98,10,79,HR,High
28,16,121176,35,3,79,Finance,Medium
39,1,105945,39,2,93,Finance,Medium
48,13,34017,61,5,90,IT,High
55,13,40451,89,3,80,IT,Medium
48,2,92956,65,10,96,Finance,High
38,4,123863,35,7,85,Finance,Medium
45,6,40278,87,6,95,HR,High
46,5,120480,99,1,98,IT,High
28,3,73764,57,8,98,Sales,High
27,1,31134,36,2,99,IT,Medium
45,4,92943,70,5,100,Finance,High
54,20,125667,63,9,86,Finance,High
50,2,84318,14,8,85,HR,Medium
43,5,133423,6,2,76,HR,Low
47,3,133998,70,9,85,IT,Medium
49,9,90128,64,5,72,HR,Medium
42,20,118056,92,10,95,Sales,High
28,6,51869,21,6,85,Sales,Medium
38,18,132468,100,3,77,HR,High
41,6,147034,20,3,99,Sales,Medium
41,19,35039,20,10,81,Sales,High
43,12,51281,50,8,72,IT,Medium
49,11,142935,43,10,86,Sales,High
28,2,40442,35,10,90,Finance,Medium
22,15,103788,92,2,87,Finance,High
53,12,149729,5,2,80,IT,Medium
34,12,57586,15,5,73,HR,Medium
51,9,83053,89,6,85,IT,High
44,2,80489,8,2,86,HR,Low
40,3,113104,75,5,78,HR,Medium
53,12,116346,30,7,75,HR,Medium
51,16,97087,54,10,93,HR,High
50,1,42625,16,10,96,HR,Medium
50,3,64397,99,8,89,IT,High
51,20,88671,85,7,94,HR,High
37,2,146214,79,8,71,Sales,Medium
40,9,121785,96,9,78,Sales,High
39,19,96897,100,5,97,HR,High
22,15,56149,69,5,90,Sales,High
35,18,90030,51,10,98,Finance,High
23,11,99906,96,4,75,IT,Medium
49,16,35283,57,9,72,IT,Medium
51,17,37610,75,5,89,HR,High
25,5,73326,6,2,75,HR,Low
22,12,44924,28,10,76,Finance,Medium
29,11,143143,8,8,70,HR,Medium
50,15,140253,23,7,92,Sales,High
24,3,106162,30,8,70,Finance,Medium
53,1,130297,79,3,74,Sales,Medium
31,20,30869,44,4,75,IT,Medium
31,16,127088,54,5,82,Sales,Medium
40,2,31014,47,6,71,IT,Medium
55,2,40103,79,1,84,Sales,Medium
54,3,112522,71,4,84,IT,Medium
44,8,140317,16,10,82,HR,Medium
49,15,126007,71,5,95,Sales,High
53,7,63458,31,7,94,IT,Medium
28,6,120605,58,5,83,Sales,Medium
50,9,112409,70,1,95,Finance,Medium
29,20,53248,53,7,91,HR,High
22,1,119160,20,8,76,IT,Medium
24,8,73516,6,7,83,Finance,Medium
45,3,59061,64,4,100,Sales,Medium
44,4,54170,58,8,95,Finance,Medium
29,15,38024,34,5,100,Sales,High
24,6,112214,88,10,93,HR,High
54,15,133792,42,9,96,Finance,High
49,3,115947,32,10,100,HR,Medium
29,14,73803,29,5,98,IT,High
55,20,49296,100,1,79,Sales,High
53,14,121829,14,9,86,Sales,Medium
45,4,122708,64,5,83,HR,Medium
35,12,116664,46,6,77,HR,Medium
53,17,48257,44,4,73,IT,Medium
37,7,42855,81,6,95,Finance,High
25,9,115178,46,8,85,Sales,Medium
42,3,131121,51,3,93,Sales,Medium
35,13,50025,41,5,82,IT,Medium
52,15,34458,84,2,100,IT,High
39,18,93610,26,2,91,HR,Medium
28,19,100843,61,7,96,HR,High
31,1,137237,88,10,94,Finance,High
28,6,113961,31,10,96,IT,Medium
54,2,79831,45,10,89,Finance,Medium
44,14,73427,84,6,87,IT,High
42,6,123809,38,4,83,Sales,Medium
40,14,68506,36,5,87,IT,Medium
40,4,35668,94,1,74,IT,Medium
50,8,121470,93,7,95,Sales,High
39,3,77195,70,8,78,IT,Medium
23,19,103233,16,9,97,Finance,High
22,14,54417,44,8,72,HR,Medium
26,20,111982,77,5,77,HR,High
41,17,136133,80,3,89,Finance,High
32,8,40751,94,10,91,Sales,High
23,14,76218,77,9,79,IT,High
24,6,37352,14,6,91,Finance,Medium
44,16,109052,100,5,88,HR,High
33,19,118835,52,3,99,HR,High
41,14,127493,24,6,90,Finance,Medium
26,19,58927,43,3,97,HR,High
51,3,71094,64,10,72,Finance,Medium
30,10,131948,70,6,80,HR,Medium
55,19,84122,69,4,100,Finance,High
43,9,59493,55,2,80,IT,Medium
45,20,122247,40,8,100,IT,High
38,13,103539,28,4,86,IT,Medium
31,7,61707,31,9,85,IT,Medium
51,14,98814,6,7,76,HR,Medium
44,9,37296,35,2,73,Sales,Medium
53,19,55398,61,4,99,Finance,High
38,15,65842,82,5,92,Sales,High
38,20,43261,70,3,88,HR,High
35,14,106709,33,9,81,HR,Medium
30,6,125985,19,5,84,Sales,Medium
23,4,136616,16,2,100,Sales,Medium
46,8,86704,32,3,80,HR,Medium
30,17,97173,88,9,74,HR,High
43,9,61781,28,7,74,Finance,Medium
25,1,43652,25,2,84,IT,Low
47,20,35103,14,9,98,IT,High
50,14,55500,82,4,87,Finance,High
55,11,145332,22,9,80,Sales,Medium
44,3,130336,92,2,95,HR,Medium
32,9,65529,18,10,81,Sales,Medium
27,14,143499,38,4,71,IT,Medium
39,9,48452,62,5,89,IT,Medium
42,4,79393,80,2,84,Sales,Medium
55,4,61174,26,10,89,IT,Medium
38,8,94450,74,1,73,HR,Medium
46,2,65436,40,7,91,Finance,Medium
33,9,77406,49,10,87,Sales,High
44,14,93059,40,1,75,HR,Medium
43,9,45954,26,8,92,HR,Medium
42,16,112722,82,3,96,IT,High
48,17,149747,84,10,95,HR,High
52,16,42356,65,6,88,Sales,High
27,12,128499,60,7,80,HR,Medium
48,3,32187,93,10,97,Finance,High
55,11,107243,100,1,93,HR,High
33,14,65098,37,6,71,HR,Medium
28,18,122471,49,7,96,Finance,High
31,5,51225,40,6,77,HR,Medium
38,16,33606,24,4,98,HR,Medium
47,20,87620,22,1,80,IT,Medium
42,5,62828,42,9,74,Sales,Medium
49,3,56489,71,4,87,IT,Medium
23,12,44387,27,7,92,Sales,Medium
22,1,99463,100,7,99,Finance,High
47,9,101832,20,2,87,Finance,Medium
50,9,125980,63,1,83,Finance,Medium
42,4,141926,73,8,91,Sales,High
32,3,142429,72,8,79,Sales,Medium
32,17,32591,25,7,72,Sales,Medium
55,2,140431,82,8,78,Finance,Medium
45,1,78516,99,3,72,Sales,Medium
43,8,121683,82,2,80,HR,Medium
26,13,92061,74,7,100,IT,High
54,15,134425,16,8,81,Finance,Medium
41,8,96736,20,1,81,IT,Medium
40,12,111257,85,10,72,HR,High
38,12,91753,91,9,90,Sales,High
55,14,114774,18,4,76,IT,Medium
30,15,41087,65,4,83,HR,Medium
47,15,60816,75,3,93,HR,High
23,9,53408,50,6,97,IT,High
30,19,135276,36,1,80,Finance,Medium
30,20,30136,19,6,76,IT,Medium
38,8,47413,48,2,94,Finance,Medium
22,19,143650,21,9,90,Sales,High
46,6,89500,45,2,79,Finance,Medium
46,20,114514,58,7,80,Sales,High
24,19,86358,48,1,84,IT,Medium
51,4,96197,9,7,88,Sales,Medium
55,7,130776,31,5,85,HR,Medium
33,4,122789,91,8,91,Sales,High
40,12,122420,82,4,90,Finance,High
38,13,62854,83,10,97,Finance,High
31,3,106240,47,7,89,Finance,Medium
33,12,134523,35,6,81,Sales,Medium
37,2,120063,21,5,87,Finance,Medium
45,2,46322,96,4,92,Finance,Medium
40,9,143053,87,7,82,HR,High
29,1,36968,58,5,74,Sales,Medium
52,8,57518,66,5,73,HR,Medium
42,6,81925,91,1,97,Finance,Medium
38,6,89848,36,2,83,Finance,Medium
44,18,141900,44,5,77,Finance,Medium
37,17,123422,17,3,78,Sales,Medium
27,12,31700,88,2,94,IT,High
29,6,123782,39,4,88,Finance,Medium
46,8,131004,9,4,72,Finance,Low
39,19,53199,77,4,74,Finance,High
46,10,74589,33,4,90,Finance,Medium
33,1,62115,74,3,95,Sales,Medium
36,13,91934,29,7,87,IT,Medium
47,17,146335,99,9,70,IT,High
47,3,84316,26,5,77,IT,Medium
53,8,35520,70,4,88,Finance,Medium
31,14,139814,49,2,86,Finance,Medium
37,3,66455,73,2,86,IT,Medium
28,16,145284,95,5,80,IT,High
38,13,116465,93,7,100,Finance,High
44,20,71605,76,10,71,Finance,High
47,17,44955,5,10,75,HR,Medium
42,13,74049,88,9,91,HR,High
43,6,43917,48,7,83,HR,Medium
28,17,100293,91,5,72,IT,High
35,14,108581,100,10,81,Sales,High
36,17,149072,79,10,73,Finance,High
28,8,94925,43,10,81,HR,Medium
30,11,137216,58,6,82,Sales,Medium
29,20,100269,92,3,71,Finance,High
44,1,60954,79,5,71,Sales,Medium
50,7,126671,33,8,84,IT,Medium
39,17,102617,58,1,92,IT,High
52,10,71458,94,1,98,IT,High
51,11,119037,20,7,86,HR,Medium
39,9,51113,24,5,76,Finance,Medium
38,9,129977,50,5,99,IT,High
35,5,142622,71,1,97,HR,Medium
52,17,120226,69,9,83,HR,High
45,9,73939,62,1,81,HR,Medium
55,17,59345,57,5,99,HR,High
24,19,76313,5,10,86,IT,High
47,7,140107,85,9,83,HR,High
44,9,122365,70,4,75,IT,Medium
36,7,130598,33,8,88,IT,Medium
25,13,99166,88,6,93,HR,High
50,11,77861,74,3,75,IT,Medium
43,14,127406,12,4,96,Finance,Medium
46,19,79298,33,2,87,Finance,Medium
34,11,77221,55,1,93,Sales,Medium
39,13,74942,37,8,74,Finance,Medium
54,14,33453,7,1,93,IT,Medium
37,13,132811,64,1,93,IT,Medium
23,1,84935,39,4,75,Finance,Low
55,8,73370,73,10,71,HR,Medium
51,12,133932,95,10,77,HR,High
34,19,38328,80,6,84,IT,High
34,12,45534,88,9,84,HR,High
39,8,115280,24,1,80,Sales,Medium
53,8,114925,77,7,91,Sales,High
53,13,66320,43,10,91,Finance,High
50,12,79170,8,5,93,Finance,Medium
50,16,130546,23,8,70,HR,Medium
37,1,110201,95,7,87,IT,Medium
31,13,133401,49,4,81,Finance,Medium
51,7,38640,47,4,81,Sales,Medium
46,5,130252,17,6,94,Finance,Medium
41,8,121057,17,6,80,Finance,Medium
26,14,60049,64,9,97,Sales,High
22,13,35618,61,5,77,IT,Medium
51,15,132540,90,8,97,Finance,High
24,17,86053,96,5,76,Finance,High
35,15,31920,56,2,92,Finance,Medium
51,20,73937,57,6,90,HR,High
25,18,99724,90,9,71,Finance,High
39,18,42207,47,3,80,Sales,Medium
46,2,95774,87,1,91,IT,Medium
22,4,62972,76,1,79,IT,Medium
36,1,40799,76,3,72,Sales,Medium
30,4,101088,46,10,89,HR,Medium
36,18,58916,94,5,98,Sales,High
45,5,100463,30,3,79,IT,Medium
25,19,123500,27,9,97,Sales,High
33,15,106700,47,8,96,HR,High
27,8,67158,81,3,87,IT,Medium
45,20,114607,32,9,83,HR,High
32,17,149639,13,6,87,Sales,Medium
34,1,143945,24,7,97,Finance,Medium
55,12,101696,60,4,93,Sales,High
46,19,91510,87,4,77,HR,High
28,15,88692,43,2,79,Sales,Medium
25,9,91744,55,5,91,Finance,Medium
29,7,45810,16,8,82,HR,Medium
41,2,35126,83,7,90,Sales,Medium
50,9,60009,99,7,77,HR,High
31,10,129120,59,6,73,HR,Medium
55,2,141718,82,3,96,IT,Medium
47,19,120932,15,5,73,IT,Medium
24,11,30192,30,1,74,HR,Medium
27,13,146464,46,7,70,Sales,Medium
26,10,66413,31,9,86,Sales,Medium
26,14,42816,15,1,71,Sales,Medium
44,18,69082,42,2,99,Finance,High
30,19,95048,47,3,77,HR,Medium
41,9,80940,23,3,76,HR,Medium
39,7,62130,68,8,100,Finance,High
38,3,70142,10,7,84,HR,Medium
45,20,66468,50,6,95,HR,High
24,6,60698,46,10,94,Finance,High
53,2,40655,96,10,74,IT,Medium
34,6,77897,69,4,71,HR,Medium
46,3,60075,76,9,76,Finance,Medium
30,16,39359,63,1,100,Sales,High
25,8,132197,56,2,77,IT,Medium
35,2,135115,51,4,97,Sales,Medium
55,17,72056,11,3,76,HR,Medium
32,9,81831,15,1,99,IT,Medium
24,12,89191,65,5,76,Finance,Medium
49,3,148592,72,7,97,HR,High
50,11,63272,29,2,100,Finance,Medium
30,1,138117,16,5,83,IT,Medium
24,13,44671,30,6,90,Sales,Medium
46,15,57048,16,7,87,HR,Medium
55,5,106274,47,1,75,HR,Medium
33,17,55963,55,7,73,Finance,Medium
30,6,73954,41,4,79,IT,Medium
36,11,102309,50,8,87,Finance,High
46,18,132120,57,4,81,IT,High
26,4,125430,92,6,85,HR,Medium
32,3,30717,84,9,94,IT,High
55,13,41676,17,5,76,HR,Medium
45,9,34434,93,4,75,IT,Medium
36,6,79810,58,8,97,Sales,High
29,12,133361,61,9,74,IT,Medium
26,2,148696,8,4,72,Sales,Low
47,3,124636,79,3,81,IT,Medium
39,3,34994,100,8,100,IT,High
27,12,34234,53,5,84,Finance,Medium
34,15,99300,11,2,79,Finance,Medium
49,9,73949,15,10,95,HR,Medium
26,8,67405,96,9,89,Finance,High
34,11,64872,58,3,88,IT,Medium
38,16,72215,91,2,85,Finance,High
53,4,53185,49,1,97,IT,Medium
50,1,73442,27,8,80,Sales,Medium
24,7,81759,32,3,77,IT,Medium
55,2,71153,61,7,72,HR,Medium
48,5,107535,30,1,92,Sales,Medium
34,7,132023,29,1,76,HR,Medium
54,4,32581,58,9,92,HR,Medium
27,5,81717,33,8,98,HR,Medium
45,1,32763,87,3,76,Finance,Medium
40,1,122910,40,6,83,HR,Medium
37,15,85480,18,3,71,Sales,Medium
49,20,68759,82,4,79,IT,High
54,19,106067,39,1,88,HR,Medium
34,10,148094,34,5,95,Sales,Medium
46,18,55307,96,1,78,HR,High
48,3,126371,21,1,85,IT,Low
28,11,41064,71,10,88,Sales,High
26,15,106848,84,7,87,Sales,High
52,11,67548,34,6,78,IT,Medium
44,17,66945,97,2,85,Sales,High
31,17,77937,49,2,82,IT,Medium
53,6,36476,83,7,79,Sales,Medium
51,5,81756,93,1,94,Sales,Medium
52,8,120101,55,2,89,IT,Medium
39,2,32382,51,8,83,IT,Medium
23,16,79683,57,6,81,Sales,High
35,20,117999,68,2,94,Sales,High
34,12,75276,42,7,88,IT,Medium
50,6,63402,68,4,76,Finance,Medium
33,1,121881,91,2,92,IT,Medium
23,4,140300,93,6,84,Sales,Medium
53,17,56946,11,9,85,Sales,Medium
34,13,109698,26,9,96,Sales,High
48,18,144690,85,8,77,IT,High
38,5,142309,86,3,79,Sales,Medium
52,3,103933,45,3,100,Finance,Medium
55,11,52335,78,2,73,HR,Medium
45,13,75095,14,5,88,Finance,Medium
27,4,109930,61,4,88,IT,Medium
40,14,57197,11,7,100,Sales,High
51,11,52010,54,4,97,IT,High
28,10,54123,95,9,90,HR,High
31,19,117923,56,2,96,IT,High
53,18,32890,37,6,84,Sales,Medium
55,6,123305,5,7,83,HR,Medium
49,15,139162,57,4,70,HR,Medium
36,10,38026,64,6,85,Sales,Medium
51,5,94925,38,7,79,Sales,Medium
50,5,98842,8,4,88,Sales,Medium
43,10,63665,21,8,99,IT,Medium
25,5,39277,8,9,91,Finance,Medium
41,3,72239,47,1,72,IT,Low
53,6,77664,94,7,74,IT,Medium
25,4,78008,8,9,78,Finance,Medium
48,18,44683,5,10,87,Sales,Medium
38,9,30670,75,5,80,Sales,Medium
33,17,119211,98,2,85,Finance,High
43,13,47889,54,10,71,Finance,Medium
38,15,85612,77,6,81,IT,High
31,20,74535,65,7,91,HR,High
22,17,108542,39,2,75,Finance,Medium
43,13,84319,12,2,80,IT,Medium
47,16,144072,28,10,96,HR,High
39,4,122067,87,10,77,Sales,Medium
35,5,51639,40,1,81,Sales,Medium
50,5,94712,54,4,98,IT,Medium
33,9,46633,47,7,96,IT,High
33,17,64660,31,9,99,Finance,High
28,13,98975,36,3,71,Sales,Medium
50,2,62172,82,7,78,IT,Medium
32,13,89197,22,7,84,Sales,Medium
54,19,131158,32,7,71,Sales,Medium
27,3,88847,33,2,98,Finance,Medium
36,10,41577,20,6,70,HR,Medium
53,2,107299,51,2,79,Finance,Medium
32,13,50176,63,6,71,IT,Medium
44,19,74386,35,10,81,Finance,High
47,17,93972,8,3,92,Finance,Medium
55,14,119791,41,2,77,Sales,Medium
55,12,71003,21,6,74,Finance,Medium
50,12,49996,43,2,91,IT,Medium
25,11,130922,52,5,97,HR,High
38,7,116598,50,2,70,Finance,Medium
34,4,65931,94,3,84,Finance,Medium
36,19,65710,52,3,75,HR,Medium
50,1,64693,43,6,81,IT,Medium
50,3,65740,8,6,100,IT,Medium
32,13,107241,34,10,77,Finance,Medium
53,15,138944,34,3,82,Sales,Medium
23,2,123583,26,3,88,Finance,Medium
35,11,106502,79,1,96,HR,High
41,4,47374,70,7,70,HR,Medium
43,19,106674,16,8,80,HR,Medium
32,17,146500,98,2,89,Finance,High
48,3,111471,40,4,70,Finance,Low
24,18,75913,22,10,99,IT,High
38,8,96025,94,7,77,Sales,High
49,19,74516,57,8,74,Finance,High
50,5,117796,75,1,86,IT,Medium
42,7,56069,5,4,99,Finance,Medium
37,8,148333,62,6,77,IT,Medium
41,5,86233,94,3,94,IT,High
27,17,114811,91,5,79,Sales,High
40,5,89049,94,10,71,Finance,Medium
26,4,131820,10,9,78,IT,Medium
24,19,148028,74,3,93,HR,High
22,2,69178,48,5,92,HR,Medium
36,11,62821,76,8,72,HR,Medium
55,13,81727,28,6,87,Sales,Medium
46,15,90935,90,4,76,IT,High
45,12,46999,23,8,84,Sales,Medium
33,11,92522,22,3,90,Finance,Medium
39,7,68712,99,3,91,Finance,High
36,5,94551,34,4,89,IT,Medium
37,17,70172,46,9,87,HR,High
48,20,63722,37,5,94,IT,High
29,9,40625,78,8,72,IT,Medium
46,14,97165,16,6,97,IT,Medium
38,12,106509,98,3,99,Sales,High
50,6,36859,31,8,92,Finance,Medium
29,17,71609,43,9,83,IT,High
36,19,73307,13,8,93,IT,High
48,19,140986,25,4,71,IT,Medium
28,16,131582,80,6,83,Sales,High
24,12,51839,33,1,91,Sales,Medium
50,12,57216,37,4,80,Sales,Medium
45,20,82953,66,8,85,IT,High
24,6,114481,19,1,77,HR,Low
41,4,90593,6,3,76,HR,Low
36,6,102075,56,1,80,HR,Medium
46,11,79522,48,9,72,Finance,Medium
51,1,129161,58,2,86,IT,Medium
35,15,34886,22,9,83,HR,Medium
28,11,141249,7,4,75,HR,Medium
38,19,37485,11,2,77,HR,Medium
41,18,61455,47,4,91,IT,High
30,17,141984,86,10,74,HR,High
43,19,46767,42,6,96,HR,High
23,14,142701,41,7,97,IT,High
45,18,58453,62,3,77,Finance,Medium
29,19,106280,37,3,71,Sales,Medium
32,15,132638,63,10,84,HR,High
34,15,83442,99,8,81,Sales,High
38,4,81877,15,5,100,Finance,Medium
29,7,42226,72,4,86,Finance,Medium
42,13,123405,86,7,70,HR,Medium
39,3,52588,72,7,84,IT,Medium
51,16,108976,97,9,83,Finance,High
39,9,61709,92,9,89,Sales,High
52,8,77788,26,5,91,Sales,Medium
53,20,118031,70,8,85,Sales,High
32,13,67019,48,10,98,Sales,High
46,17,74948,10,1,78,Finance,Medium
54,17,95133,46,9,70,HR,Medium
29,17,144444,29,8,97,HR,High
32,1,96458,61,6,86,Sales,Medium
43,8,147603,89,3,98,HR,High
45,19,57526,59,3,82,Sales,Medium
38,6,103493,20,8,90,Sales,Medium
33,3,82198,99,5,95,IT,High
53,5,144100,18,10,90,Finance,Medium
36,13,129534,43,7,74,Finance,Medium
37,15,73395,32,5,79,Sales,Medium
43,14,54031,100,8,75,Finance,High
49,16,105542,96,10,93,HR,High
41,18,67701,55,10,88,Sales,High
54,11,142599,53,4,94,IT,Medium
31,3,55939,13,2,82,HR,Low
53,10,79145,62,3,70,IT,Medium
54,10,50324,49,8,89,IT,Medium
23,16,52867,26,7,94,Finance,High
54,12,30203,36,2,84,Finance,Medium
54,2,46544,73,6,83,Sales,Medium
34,9,45899,91,9,77,Finance,High
51,3,59063,73,4,79,IT,Medium
54,15,120880,46,9,78,IT,High
34,3,33748,57,2,86,HR,Medium
47,19,135022,100,2,78,IT,High
43,18,147269,63,9,72,Sales,High
23,8,96629,78,7,80,Sales,Medium
47,17,110764,43,7,81,Finance,High
36,8,50884,19,1,79,Finance,Low
55,7,55183,75,6,94,Finance,High
32,7,111570,33,7,86,Sales,Medium
24,3,101246,7,6,86,IT,Medium
27,1,138036,87,6,94,Finance,High
30,4,49259,14,2,80,HR,Low
27,5,65959,96,6,99,Finance,High
30,1,146525,33,4,91,Sales,Medium
52,15,63457,83,9,73,Finance,High
53,5,115679,39,1,76,IT,Medium
33,13,32103,10,8,90,Finance,Medium
29,8,95901,16,5,95,Sales,Medium
29,8,142314,42,1,83,Sales,Medium
49,5,74535,81,4,76,HR,Medium
41,9,46103,97,1,93,Sales,High
28,1,128046,23,6,77,HR,Medium
32,4,120012,71,2,70,IT,Medium
41,3,108278,12,5,93,Sales,Medium
37,2,42391,12,7,91,Finance,Medium
25,8,132476,88,2,73,IT,Medium
27,9,58901,51,6,98,Finance,High
43,2,127537,8,6,99,Finance,Medium
47,14,111159,55,5,81,Finance,Medium
24,14,97914,89,5,93,IT,High
35,4,80357,71,3,72,IT,Medium
32,6,116908,49,10,82,Sales,Medium
39,11,140335,12,10,89,Finance,Medium
33,3,68437,91,2,100,HR,Medium
44,8,65503,20,7,75,Sales,Medium
33,3,126282,81,1,80,IT,Medium
34,14,123459,71,6,92,HR,High
46,13,105403,13,6,73,IT,Medium
40,13,71258,64,3,89,HR,Medium
29,2,63724,82,2,85,Sales,Medium
50,13,94286,81,2,76,HR,Medium
53,19,104842,75,9,91,Sales,High
39,6,134927,19,5,98,IT,Medium
27,16,44908,75,7,80,HR,High
39,2,122617,45,5,93,Finance,Medium
40,8,80626,26,7,70,Finance,Medium
43,17,67228,28,4,95,IT,Medium
53,2,53386,48,8,98,HR,Medium
24,10,76754,5,10,96,Finance,Medium
49,16,140942,14,10,76,Sales,Medium
31,6,58302,84,7,81,HR,Medium
50,2,90815,76,10,76,HR,Medium
36,2,114748,60,5,96,Finance,Medium
54,13,93344,93,6,92,Sales,High
28,15,65618,54,5,76,Sales,Medium
33,2,141603,16,7,79,Sales,Medium
51,7,106234,93,2,99,HR,High
42,3,91114,85,5,85,IT,Medium
52,8,147652,64,10,95,HR,High
45,14,100130,30,3,77,HR,Medium
41,7,55525,82,9,78,Finance,Medium
25,7,109818,45,6,78,IT,Medium
49,1,144589,40,10,71,Sales,Medium
41,17,44334,27,3,82,Finance,Medium
45,9,124715,47,7,82,HR,Medium
53,13,92767,10,4,92,IT,Medium
55,19,36644,73,3,92,Sales,High
23,19,131154,47,8,73,Sales,High
36,17,143237,29,4,94,HR,High
55,10,62933,22,1,93,Sales,Medium
27,10,73469,66,6,81,Sales,Medium
33,4,63687,17,10,86,IT,Medium
24,8,136609,47,1,71,Finance,Medium
39,20,82656,82,5,82,IT,High
42,20,47375,32,7,100,Finance,High
36,18,144019,22,6,98,Finance,High
54,14,95206,63,2,87,Finance,Medium
47,18,126462,64,4,97,Sales,High
29,14,66607,67,2,97,IT,High
51,20,113178,61,1,96,Sales,High
44,15,53993,96,3,84,HR,High
35,4,74386,55,3,100,IT,Medium
35,13,76287,60,7,77,Finance,Medium
23,8,116724,31,1,84,Sales,Medium
26,18,128132,36,9,70,Sales,Medium
35,12,123308,13,6,89,IT,Medium
46,14,126393,100,4,79,IT,High
41,2,106312,88,3,81,Finance,Medium
23,18,128371,96,3,74,Finance,High
27,2,105324,72,2,78,HR,Medium
38,11,101196,50,2,92,Finance,Medium
46,9,100014,71,10,77,Sales,High
49,12,38210,30,5,85,HR,Medium
23,17,40922,12,9,83,HR,Medium
26,15,66289,10,2,96,HR,Medium
22,17,63340,84,2,94,IT,High
33,18,69850,28,6,82,Finance,Medium
44,6,86984,52,10,92,HR,High
52,17,133699,98,2,90,IT,High
32,18,143711,49,4,82,IT,Medium
31,8,114178,17,6,100,HR,Medium
24,9,41094,73,5,74,HR,Medium
35,6,117959,29,1,85,Sales,Medium
37,5,63418,24,6,95,HR,Medium
31,12,35741,86,1,80,Sales,Medium
50,11,141585,86,3,91,HR,High
31,1,102374,70,10,74,HR,Medium
33,11,147275,78,5,82,Finance,High
51,19,98798,49,10,97,HR,High
22,9,146026,51,5,80,HR,Medium
26,2,100532,67,10,94,Sales,High
41,12,140130,80,6,88,Sales,High
29,4,52164,81,10,72,Finance,Medium
33,4,65595,59,8,84,HR,Medium
22,18,60257,79,5,76,HR,High
41,15,44211,23,1,76,Sales,Medium
49,19,125989,39,5,75,IT,Medium
33,13,35232,57,3,72,IT,Medium
49,19,97753,30,4,99,IT,High
36,17,82691,18,8,82,Sales,Medium
27,6,119765,49,7,76,Sales,Medium
41,16,109768,48,5,74,IT,Medium
35,12,55613,92,2,92,IT,High
23,19,44026,69,6,87,HR,High
30,5,83535,55,6,91,Sales,Medium
41,17,124090,47,10,99,Sales,High
47,1,60908,90,10,77,IT,Medium
50,10,82113,27,6,86,IT,Medium
22,15,49610,60,9,89,Finance,High
27,11,76646,23,8,96,Sales,Medium
26,13,135141,86,8,70,Finance,High
54,5,93185,80,1,83,HR,Medium
35,1,102567,59,5,86,Finance,Medium
33,12,77574,96,7,79,IT,High
41,11,121051,96,6,81,Sales,High
45,17,132020,64,5,85,Sales,High
55,4,66182,63,8,83,Finance,Medium
46,15,146136,37,3,99,Finance,High
50,9,30570,23,6,96,HR,Medium
52,20,127790,32,5,85,HR,High
44,19,49288,56,8,77,IT,High
41,19,108824,53,4,92,IT,High
44,12,59877,41,8,97,IT,High
37,5,114425,30,10,79,Finance,Medium
29,10,30917,44,2,98,Finance,Medium
42,17,105602,84,9,86,Sales,High
22,5,125040,42,9,96,IT,Medium
